--
-- PostgreSQL database dump
--

\restrict XoHO6Rw8P2XQNFklKyIxHHtAEA0BdJK6Jcana4AzQuzm1WEivgzQUr8ia3WKK1C

-- Dumped from database version 18.3
-- Dumped by pg_dump version 18.3

SET statement_timeout = 0;
SET lock_timeout = 0;
SET idle_in_transaction_session_timeout = 0;
SET transaction_timeout = 0;
SET client_encoding = 'UTF8';
SET standard_conforming_strings = on;
SELECT pg_catalog.set_config('search_path', '', false);
SET check_function_bodies = false;
SET xmloption = content;
SET client_min_messages = warning;
SET row_security = off;

SET default_tablespace = '';

SET default_table_access_method = heap;

--
-- Name: dim_fandom; Type: TABLE; Schema: public; Owner: postgres
--

CREATE TABLE public.dim_fandom (
    id_fandom integer NOT NULL,
    fandom_name character varying(100)
);


ALTER TABLE public.dim_fandom OWNER TO postgres;

--
-- Name: dim_group; Type: TABLE; Schema: public; Owner: postgres
--

CREATE TABLE public.dim_group (
    id_group integer NOT NULL,
    group_name character varying(100) NOT NULL,
    other_name character varying(100),
    status character varying(20),
    debut_date date,
    is_sub_unit boolean DEFAULT false,
    CONSTRAINT dim_group_status_check CHECK (((status)::text = ANY ((ARRAY['ACTIVE'::character varying, 'DISBANDED'::character varying, 'HIATUS'::character varying])::text[])))
);


ALTER TABLE public.dim_group OWNER TO postgres;

--
-- Name: dim_label; Type: TABLE; Schema: public; Owner: postgres
--

CREATE TABLE public.dim_label (
    id_label integer NOT NULL,
    name character varying(100) NOT NULL,
    founded_year integer,
    founder character varying(100)
);


ALTER TABLE public.dim_label OWNER TO postgres;

--
-- Name: dim_time; Type: TABLE; Schema: public; Owner: postgres
--

CREATE TABLE public.dim_time (
    id_time integer NOT NULL,
    full_date date NOT NULL,
    year integer NOT NULL,
    quarter integer NOT NULL,
    month integer NOT NULL,
    day integer NOT NULL
);


ALTER TABLE public.dim_time OWNER TO postgres;

--
-- Name: fact_group_metrics; Type: TABLE; Schema: public; Owner: postgres
--

CREATE TABLE public.fact_group_metrics (
    fact_id integer NOT NULL,
    id_time integer NOT NULL,
    id_group integer NOT NULL,
    id_label integer,
    id_fandom integer,
    rank integer,
    total_bias_votes bigint,
    dance_score numeric(5,2),
    vocal_score numeric(5,2),
    stage_score numeric(5,2),
    artistry_score numeric(5,2),
    visual_score numeric(5,2),
    total_score numeric(5,2),
    scraped_at timestamp without time zone
);


ALTER TABLE public.fact_group_metrics OWNER TO postgres;

--
-- Name: fact_group_metrics_fact_id_seq; Type: SEQUENCE; Schema: public; Owner: postgres
--

CREATE SEQUENCE public.fact_group_metrics_fact_id_seq
    AS integer
    START WITH 1
    INCREMENT BY 1
    NO MINVALUE
    NO MAXVALUE
    CACHE 1;


ALTER SEQUENCE public.fact_group_metrics_fact_id_seq OWNER TO postgres;

--
-- Name: fact_group_metrics_fact_id_seq; Type: SEQUENCE OWNED BY; Schema: public; Owner: postgres
--

ALTER SEQUENCE public.fact_group_metrics_fact_id_seq OWNED BY public.fact_group_metrics.fact_id;


--
-- Name: fact_group_metrics fact_id; Type: DEFAULT; Schema: public; Owner: postgres
--

ALTER TABLE ONLY public.fact_group_metrics ALTER COLUMN fact_id SET DEFAULT nextval('public.fact_group_metrics_fact_id_seq'::regclass);


--
-- Data for Name: dim_fandom; Type: TABLE DATA; Schema: public; Owner: postgres
--

COPY public.dim_fandom (id_fandom, fandom_name) FROM stdin;
1	ARMY
2	STAY
3	BLINK
4	ONCE
5	ENGENE
6	EXO-L
7	CARAT
8	ReVeluv
9	MOA
10	IGOT7/AhGaSe
11	ATINY
12	MY
13	MIDZY
14	NCTzens
15	FEARNOT
16	COER
17	MONSTIEZ
18	GLLIT
19	MONBEBE
20	Neverland
21	SHINee World
22	DIVE
23	S♡NE
24	Wannable
25	Bunnies
26	NCTzen
27	EYEKON
28	NSWER
29	S2U
30	InSomnia
31	P1ECE
32	Orbit
33	MOOMOO
34	BUDDY
35	AROHA
36	V.I.P
37	ONEDOOR
38	SHOTTIES
39	iKONIC
40	EVOL
41	ZEROSE
42	WIZ*ONE
43	LUNÉ
44	FOREVER
45	WAV
46	E.L.F.
47	ALPHAZ
\.


--
-- Data for Name: dim_group; Type: TABLE DATA; Schema: public; Owner: postgres
--

COPY public.dim_group (id_group, group_name, other_name, status, debut_date, is_sub_unit) FROM stdin;
2	Stray Kids	SKZ	ACTIVE	2018-03-25	f
3	BLACKPINK	ブラックピンク	ACTIVE	2016-08-08	f
4	TWICE	トゥワイス	ACTIVE	2015-10-20	f
5	ENHYPEN	エンハイフン	ACTIVE	2020-11-30	f
6	EXO	\N	ACTIVE	2012-04-08	f
7	SEVENTEEN	セブンティーン	ACTIVE	2015-05-26	f
8	Red Velvet	レッドベルベット	ACTIVE	2014-08-01	f
9	TOMORROW X TOGETHER	TXT	ACTIVE	2019-03-04	f
10	GOT7	\N	ACTIVE	2014-01-16	f
11	ATEEZ	エイティーズ	ACTIVE	2018-10-24	f
12	aespa	埃斯帕	ACTIVE	2020-11-17	f
13	ITZY	イッチ	ACTIVE	2019-02-12	f
15	LE SSERAFIM	ルセラフィム	ACTIVE	2022-05-02	f
16	CORTIS	Color Outside The Lines	ACTIVE	2025-08-18	f
17	BABYMONSTER	BAEMON	ACTIVE	2023-11-27	f
18	ILLIT	アイリット	ACTIVE	2024-03-25	f
19	MONSTA X	モンスタエックス	ACTIVE	2015-05-14	f
20	i-dle	(G) i-dle	ACTIVE	2018-05-02	f
21	SHINee	\N	ACTIVE	2008-05-25	f
22	IVE	アイヴ	ACTIVE	2021-12-01	f
23	Girls' Generation	SNSD	ACTIVE	2007-08-05	f
24	Wanna One	ワナワン	DISBANDED	2017-08-07	f
25	NewJeans	NJZ	HIATUS	2022-07-22	f
26	NCT	Neo Culture Technology	ACTIVE	2016-04-09	f
27	KATSEYE	キャッツアイ	ACTIVE	2024-06-28	f
30	NMIXX	エンミックス	ACTIVE	2022-02-22	f
31	Hearts2Hearts	H2H	ACTIVE	2025-02-24	f
32	Dreamcatcher	MINX	ACTIVE	2017-01-13	f
33	P1Harmony	P1H	ACTIVE	2020-10-28	f
35	LOONA	LOOΠΔ	HIATUS	2018-08-19	f
36	MAMAMOO	\N	ACTIVE	2014-06-19	f
37	GFRIEND	\N	DISBANDED	2015-01-16	f
38	ASTRO	アストロ	ACTIVE	2016-02-23	f
39	BIGBANG	\N	ACTIVE	2006-08-19	f
40	BOYNEXTDOOR	ボーイネクストドア	ACTIVE	2023-05-30	f
41	LNGSHOT	エルエヌジーショット	ACTIVE	2026-01-13	f
42	iKON	\N	ACTIVE	2015-09-15	f
43	XLOV	艾克斯爱	ACTIVE	2025-01-07	f
44	ZEROBASEONE	ZB1	ACTIVE	2023-07-10	f
45	IZ*ONE	アイズワン	DISBANDED	2018-10-29	f
46	&TEAM	アンドチーム	ACTIVE	2022-12-07	f
47	EVERGLOW	\N	ACTIVE	2019-03-18	f
48	tripleS	트리플S	ACTIVE	2023-02-13	f
49	SUPER JUNIOR	スーパージュニア	ACTIVE	2005-11-06	f
50	XG	Xtraordinary Genes	ACTIVE	2022-03-18	f
29	NCT Dream	\N	ACTIVE	2016-08-25	t
34	NCT U	\N	ACTIVE	2016-04-09	t
51	3RACHA	\N	ACTIVE	2018-03-25	t
52	MISAMO	ミサモ	ACTIVE	2023-07-26	t
53	EXO-K	\N	ACTIVE	2012-04-08	t
54	EXO-M	\N	HIATUS	2012-04-08	t
55	EXO-SC	\N	ACTIVE	2019-07-22	t
56	V8	\N	ACTIVE	2026-06-29	t
57	Hoshi X Woozi	\N	ACTIVE	2025-03-10	t
58	DK X Seungkwan	\N	ACTIVE	2026-01-12	t
59	S.Coups X Mingyu	\N	ACTIVE	2025-09-29	t
60	BSS	\N	ACTIVE	2018-03-21	t
61	SVT PERFORMANCE Team	\N	ACTIVE	2015-05-26	t
62	SVT HIPHOP Team	\N	ACTIVE	2015-05-26	t
63	Jeonghan X Wonwoo	\N	ACTIVE	2024-06-17	t
64	SVT Leaders	\N	ACTIVE	2017-09-24	t
65	SVT VOCAL Team	\N	ACTIVE	2015-05-26	t
66	Red Velvet - IRENE & SEULGI	\N	ACTIVE	2020-07-06	t
67	JUS2	\N	HIATUS	2019-03-05	t
68	JJ Project	\N	HIATUS	2012-05-20	t
69	SHOWNU X HYUNGWON	ショヌXヒョンウォン	ACTIVE	2023-07-25	t
70	Girls' Generation-TTS	少女時代-テティソ	HIATUS	2012-04-29	t
71	Girls' Generation - Oh!GG	少女時代-Oh!GG	HIATUS	2018-09-05	t
72	NCT WISH	エヌシーティー ウィッシュ	ACTIVE	2024-02-21	t
73	NCT DOJAEJUNG	\N	ACTIVE	2023-04-17	t
74	WayV	威神V	ACTIVE	2019-01-17	t
75	NCT JNJM	\N	ACTIVE	2026-02-23	t
76	UAU	\N	ACTIVE	2025-05-28	t
77	LOONA 1/3	LOOΠΔ 1/3	HIATUS	2017-03-12	t
78	LOONA yyxy	yyxy	HIATUS	2018-05-30	t
79	MAMAMOO+	\N	HIATUS	2022-08-30	t
80	ZOONIZINI	ズニジニ	ACTIVE	2025-08-13	t
81	MOONBIN & SANHA	ムンビン&サナ	DISBANDED	2020-09-14	t
82	Jinjin & Rocky	ジンジン & ラキ	DISBANDED	2022-01-17	t
83	GD & TOP	\N	DISBANDED	2010-12-24	t
84	Double B	\N	DISBANDED	2015-11-16	t
85	EVOLution	\N	DISBANDED	2023-10-11	t
86	Visionary Vision	VV	DISBANDED	2024-10-23	t
87	LOVElution	ラブリューション	DISBANDED	2023-08-17	t
88	moon	\N	ACTIVE	2025-11-24	t
89	zenith	\N	ACTIVE	2025-11-24	t
90	NXT	\N	DISBANDED	2023-12-23	t
91	Glow	\N	DISBANDED	2024-06-21	t
92	neptune	\N	ACTIVE	2025-11-24	t
93	ACID EYES	\N	DISBANDED	2023-06-06	t
94	Aria	\N	DISBANDED	2024-01-15	t
95	Hatchi!	ハッチ!	ACTIVE	2024-11-20	t
96	sun	\N	ACTIVE	2025-11-24	t
97	+(KR)ystal Eyes	クリスタル・アイズ	DISBANDED	2023-05-04	t
98	Acid Angel from Asia	アシッド・エンジェル・フロム・エイジア	DISBANDED	2022-10-28	t
99	Alphie	\N	DISBANDED	2025-09-03	t
100	SUPER JUNIOR-83z	\N	ACTIVE	2026-07-13	t
101	SUPER JUNIOR-L.S.S.	\N	ACTIVE	2023-07-05	t
102	SUPER JUNIOR-K.R.Y.	\N	ACTIVE	2006-11-05	t
103	Super Junior-M	\N	HIATUS	2008-04-08	t
104	SUPER JUNIOR-D&E	\N	ACTIVE	2011-12-16	t
105	SUPER JUNIOR-H	\N	HIATUS	2008-05-03	t
106	SUPER JUNIOR-T	\N	HIATUS	2007-02-23	t
14	NCT 127	エヌシーティー 127	ACTIVE	2016-07-07	t
28	EXO-CBX	CBX	ACTIVE	2016-10-31	t
1	BTS	Bangtan Bulletproof Boys Scouts	ACTIVE	2013-06-13	f
\.


--
-- Data for Name: dim_label; Type: TABLE DATA; Schema: public; Owner: postgres
--

COPY public.dim_label (id_label, name, founded_year, founder) FROM stdin;
1	HYBE Labels	\N	Bang Si Hyuk
2	JYP Entertainment Japan	\N	JYP Entertainment
3	YG Entertainment	1996	Yang Hyun-suk
4	Belift Lab	2018	Bang Si-hyuk
5	SM Entertainment	1989	Lee Soo Man
6	Warner Music Korea	\N	\N
7	KQ Entertainment	\N	Kim Kyu Wook
8	Warner Music Japan	\N	Warner Music Group
9	Source Music	\N	So Sung Jin
10	Starship Entertainment	\N	Kim Shi-dae
11	88rising	\N	Sean Miyashiro
12	Swing Entertainment	2018	\N
13	INB100	\N	Baekhyun
14	Dreamcatcher Company	\N	Lee Joo-Won
15	FNC Entertainment	\N	Han Seong Ho
16	BlockBerryCreative	\N	\N
17	RBW	\N	Kim Jin Woo
18	Fantagio	\N	Na Byeong-jun
19	MORE VISION	\N	Jay Park
20	143 Entertainment	\N	Park Jun Sang
21	WM Entertainment	\N	Lee Won Min
22	WAKEONE	2014	Son Dong-hoon
23	CHXXTA Company	2023	\N
24	XGALX	\N	\N
25	The Black Label	2015	Teddy Park
\.


--
-- Data for Name: dim_time; Type: TABLE DATA; Schema: public; Owner: postgres
--

COPY public.dim_time (id_time, full_date, year, quarter, month, day) FROM stdin;
20260720	2026-07-20	2026	3	7	20
20260722	2026-07-22	2026	3	7	22
20260723	2026-07-23	2026	3	7	23
\.


--
-- Data for Name: fact_group_metrics; Type: TABLE DATA; Schema: public; Owner: postgres
--

COPY public.fact_group_metrics (fact_id, id_time, id_group, id_label, id_fandom, rank, total_bias_votes, dance_score, vocal_score, stage_score, artistry_score, visual_score, total_score, scraped_at) FROM stdin;
2	20260720	2	2	2	2	5073	95.00	95.00	95.00	95.00	95.00	95.00	2026-07-20 22:27:51
3	20260720	3	3	3	3	4831	77.00	79.00	80.00	79.00	84.00	79.80	2026-07-20 22:27:51
4	20260720	4	\N	4	4	4770	88.00	87.00	89.00	87.00	92.00	88.60	2026-07-20 22:27:51
5	20260720	5	4	5	5	2705	91.00	91.00	91.00	90.00	92.00	91.00	2026-07-20 22:27:51
6	20260720	6	5	6	6	2612	89.00	92.00	89.00	89.00	91.00	90.00	2026-07-20 22:27:51
7	20260720	7	1	7	7	2591	96.00	96.00	95.00	96.00	96.00	95.80	2026-07-20 22:27:51
8	20260720	8	5	8	8	2586	79.00	90.00	81.00	87.00	88.00	85.00	2026-07-20 22:27:51
9	20260720	9	1	9	9	1986	90.00	89.00	89.00	88.00	91.00	89.40	2026-07-20 22:27:51
10	20260720	10	6	10	10	1972	97.00	96.00	97.00	96.00	96.00	96.40	2026-07-20 22:27:51
11	20260720	11	7	11	11	1871	96.00	96.00	97.00	95.00	96.00	96.00	2026-07-20 22:27:51
12	20260720	12	5	12	12	1856	74.00	82.00	76.00	76.00	86.00	78.80	2026-07-20 22:27:51
13	20260720	13	8	13	13	1834	91.00	84.00	90.00	83.00	90.00	87.60	2026-07-20 22:27:51
14	20260720	14	5	14	14	1729	97.00	94.00	95.00	92.00	96.00	94.80	2026-07-20 22:27:51
15	20260720	15	9	15	15	1593	83.00	76.00	84.00	78.00	84.00	81.00	2026-07-20 22:27:51
16	20260720	16	1	16	16	1536	87.00	84.00	86.00	86.00	87.00	86.00	2026-07-20 22:27:51
17	20260720	17	3	17	17	1486	85.00	88.00	88.00	83.00	88.00	86.40	2026-07-20 22:27:51
18	20260720	18	4	18	18	1472	86.00	79.00	84.00	82.00	87.00	83.60	2026-07-20 22:27:51
19	20260720	19	10	19	19	1465	96.00	97.00	98.00	99.00	94.00	96.80	2026-07-20 22:27:51
20	20260720	20	11	20	20	1399	77.00	83.00	82.00	84.00	84.00	82.00	2026-07-20 22:27:51
21	20260720	21	5	21	21	1308	99.00	99.00	99.00	99.00	98.00	98.80	2026-07-20 22:27:51
22	20260720	22	10	22	22	1271	82.00	87.00	86.00	87.00	93.00	87.00	2026-07-20 22:27:51
23	20260720	23	5	23	23	1244	85.00	92.00	89.00	87.00	95.00	89.60	2026-07-20 22:27:51
24	20260720	24	12	24	24	1199	97.00	98.00	97.00	95.00	98.00	97.00	2026-07-20 22:27:51
25	20260720	25	1	25	25	1195	91.00	90.00	90.00	91.00	93.00	91.00	2026-07-20 22:27:51
26	20260720	26	5	26	26	1035	94.00	95.00	94.00	94.00	94.00	94.20	2026-07-20 22:27:51
27	20260720	27	1	27	27	910	74.00	72.00	73.00	62.00	77.00	71.60	2026-07-20 22:27:51
28	20260720	28	13	\N	28	894	94.00	100.00	96.00	98.00	96.00	96.80	2026-07-20 22:27:51
29	20260720	29	5	\N	29	877	88.00	87.00	89.00	86.00	89.00	87.80	2026-07-20 22:27:51
30	20260720	30	\N	28	30	785	89.00	94.00	90.00	89.00	92.00	90.80	2026-07-20 22:27:51
31	20260720	31	5	29	31	726	83.00	83.00	83.00	80.00	86.00	83.00	2026-07-20 22:27:51
32	20260720	32	14	30	32	671	92.00	93.00	93.00	93.00	94.00	93.00	2026-07-20 22:27:51
33	20260720	33	15	31	33	669	96.00	96.00	96.00	96.00	96.00	96.00	2026-07-20 22:27:51
34	20260720	34	5	\N	34	648	91.00	87.00	91.00	86.00	90.00	89.00	2026-07-20 22:27:51
35	20260720	35	16	32	35	632	86.00	84.00	85.00	84.00	86.00	85.00	2026-07-20 22:27:51
36	20260720	36	17	33	36	624	80.00	91.00	87.00	89.00	83.00	86.00	2026-07-20 22:27:51
37	20260720	37	9	34	37	547	74.00	77.00	76.00	76.00	76.00	75.80	2026-07-20 22:27:51
38	20260720	38	18	35	38	544	99.00	100.00	99.00	97.00	99.00	98.80	2026-07-20 22:27:51
39	20260720	39	3	36	39	535	96.00	98.00	99.00	98.00	95.00	97.20	2026-07-20 22:27:51
40	20260720	40	1	37	40	516	90.00	89.00	90.00	89.00	91.00	89.80	2026-07-20 22:27:51
41	20260720	41	19	38	41	502	86.00	89.00	85.00	88.00	88.00	87.20	2026-07-20 22:27:51
42	20260720	42	20	39	42	501	91.00	89.00	91.00	89.00	86.00	89.20	2026-07-20 22:27:51
43	20260720	43	21	40	43	487	97.00	96.00	97.00	97.00	97.00	96.80	2026-07-20 22:27:51
44	20260720	44	22	41	44	435	96.00	96.00	96.00	96.00	96.00	96.00	2026-07-20 22:27:51
45	20260720	45	12	42	45	415	99.00	100.00	100.00	100.00	100.00	99.80	2026-07-20 22:27:51
46	20260720	46	1	43	46	394	94.00	92.00	92.00	92.00	94.00	92.80	2026-07-20 22:27:51
47	20260720	47	23	44	47	381	84.00	74.00	81.00	74.00	85.00	79.60	2026-07-20 22:27:51
48	20260720	48	\N	45	48	362	83.00	83.00	82.00	84.00	89.00	84.20	2026-07-20 22:27:51
49	20260720	49	5	46	49	345	51.00	53.00	53.00	52.00	51.00	52.00	2026-07-20 22:27:51
50	20260720	50	24	47	50	342	91.00	92.00	92.00	91.00	93.00	91.80	2026-07-20 22:27:51
101	20260722	1	1	1	1	6691	76.00	75.00	76.00	76.00	75.00	75.60	2026-07-22 17:38:19
1	20260720	1	1	1	1	6685	77.00	76.00	77.00	77.00	76.00	76.60	2026-07-20 22:27:51
102	20260722	2	2	2	2	5083	95.00	95.00	95.00	95.00	95.00	95.00	2026-07-22 17:38:19
103	20260722	3	3	3	3	4835	77.00	79.00	80.00	79.00	84.00	79.80	2026-07-22 17:38:19
104	20260722	4	\N	4	4	4778	88.00	87.00	89.00	87.00	92.00	88.60	2026-07-22 17:38:19
105	20260722	5	4	5	5	2709	91.00	91.00	92.00	91.00	92.00	91.40	2026-07-22 17:38:19
106	20260722	6	5	6	6	2612	89.00	92.00	90.00	90.00	91.00	90.40	2026-07-22 17:38:19
107	20260722	7	1	7	7	2593	96.00	96.00	95.00	96.00	96.00	95.80	2026-07-22 17:38:19
108	20260722	8	5	8	8	2588	79.00	90.00	81.00	87.00	88.00	85.00	2026-07-22 17:38:19
109	20260722	9	1	9	9	1990	90.00	89.00	89.00	89.00	91.00	89.60	2026-07-22 17:38:19
110	20260722	10	6	10	10	1972	97.00	96.00	97.00	96.00	96.00	96.40	2026-07-22 17:38:19
111	20260722	11	7	11	11	1872	96.00	96.00	97.00	95.00	96.00	96.00	2026-07-22 17:38:19
112	20260722	12	5	12	12	1867	75.00	82.00	76.00	76.00	86.00	79.00	2026-07-22 17:38:19
113	20260722	13	8	13	13	1834	91.00	84.00	90.00	83.00	90.00	87.60	2026-07-22 17:38:19
114	20260722	14	5	14	14	1729	97.00	94.00	95.00	92.00	96.00	94.80	2026-07-22 17:38:19
115	20260722	15	9	15	15	1599	83.00	76.00	84.00	78.00	85.00	81.20	2026-07-22 17:38:19
116	20260722	16	1	16	16	1541	87.00	84.00	86.00	86.00	87.00	86.00	2026-07-22 17:38:19
117	20260722	17	3	17	17	1484	85.00	88.00	88.00	83.00	88.00	86.40	2026-07-22 17:38:19
118	20260722	18	4	18	18	1484	86.00	79.00	84.00	82.00	87.00	83.60	2026-07-22 17:38:19
119	20260722	19	10	19	19	1465	96.00	97.00	98.00	99.00	94.00	96.80	2026-07-22 17:38:19
120	20260722	20	11	20	20	1403	77.00	83.00	83.00	85.00	85.00	82.60	2026-07-22 17:38:19
121	20260722	21	5	21	21	1308	99.00	99.00	99.00	99.00	98.00	98.80	2026-07-22 17:38:19
122	20260722	22	10	22	22	1276	83.00	87.00	86.00	87.00	93.00	87.20	2026-07-22 17:38:19
123	20260722	23	5	23	23	1245	85.00	92.00	89.00	87.00	95.00	89.60	2026-07-22 17:38:19
124	20260722	24	12	24	24	1199	97.00	98.00	97.00	95.00	98.00	97.00	2026-07-22 17:38:19
125	20260722	25	1	25	25	1196	91.00	90.00	90.00	91.00	92.00	90.80	2026-07-22 17:38:19
126	20260722	26	5	26	26	1035	94.00	95.00	94.00	94.00	94.00	94.20	2026-07-22 17:38:19
127	20260722	27	1	27	27	914	74.00	72.00	73.00	62.00	77.00	71.60	2026-07-22 17:38:19
128	20260722	28	13	\N	28	894	94.00	100.00	96.00	98.00	96.00	96.80	2026-07-22 17:38:19
129	20260722	29	5	\N	29	877	88.00	87.00	89.00	86.00	89.00	87.80	2026-07-22 17:38:19
130	20260722	30	\N	28	30	791	89.00	94.00	90.00	89.00	92.00	90.80	2026-07-22 17:38:19
131	20260722	31	5	29	31	732	83.00	83.00	83.00	81.00	86.00	83.20	2026-07-22 17:38:19
132	20260722	32	14	30	32	671	92.00	93.00	93.00	93.00	94.00	93.00	2026-07-22 17:38:19
133	20260722	33	15	31	33	670	96.00	96.00	96.00	96.00	96.00	96.00	2026-07-22 17:38:19
134	20260722	34	5	\N	34	648	91.00	87.00	91.00	86.00	90.00	89.00	2026-07-22 17:38:19
135	20260722	35	16	32	35	632	86.00	84.00	85.00	84.00	86.00	85.00	2026-07-22 17:38:19
136	20260722	36	17	33	36	624	80.00	91.00	87.00	89.00	83.00	86.00	2026-07-22 17:38:19
137	20260722	37	9	34	37	548	74.00	77.00	76.00	76.00	76.00	75.80	2026-07-22 17:38:19
138	20260722	38	18	35	38	545	99.00	100.00	99.00	97.00	99.00	98.80	2026-07-22 17:38:19
139	20260722	39	3	36	39	537	96.00	98.00	99.00	98.00	95.00	97.20	2026-07-22 17:38:19
140	20260722	40	1	37	40	515	90.00	89.00	90.00	89.00	91.00	89.80	2026-07-22 17:38:19
141	20260722	41	19	38	41	507	86.00	89.00	85.00	88.00	88.00	87.20	2026-07-22 17:38:19
142	20260722	42	20	39	42	501	91.00	89.00	91.00	89.00	86.00	89.20	2026-07-22 17:38:19
143	20260722	43	21	40	43	489	97.00	96.00	97.00	97.00	97.00	96.80	2026-07-22 17:38:19
144	20260722	44	22	41	44	435	96.00	96.00	96.00	96.00	96.00	96.00	2026-07-22 17:38:19
145	20260722	45	12	42	45	415	99.00	100.00	100.00	100.00	100.00	99.80	2026-07-22 17:38:19
146	20260722	46	1	43	46	395	94.00	92.00	92.00	92.00	94.00	92.80	2026-07-22 17:38:19
147	20260722	47	23	44	47	381	84.00	74.00	81.00	74.00	85.00	79.60	2026-07-22 17:38:19
148	20260722	48	\N	45	48	361	83.00	83.00	82.00	84.00	89.00	84.20	2026-07-22 17:38:19
149	20260722	49	5	46	49	345	51.00	53.00	53.00	52.00	51.00	52.00	2026-07-22 17:38:19
150	20260722	50	24	47	50	345	91.00	92.00	92.00	91.00	93.00	91.80	2026-07-22 17:38:19
251	20260723	1	1	1	1	6703	76.00	75.00	76.00	76.00	75.00	75.60	2026-07-23 17:10:04
252	20260723	2	2	2	2	5094	95.00	95.00	95.00	95.00	95.00	95.00	2026-07-23 17:10:04
253	20260723	3	3	3	3	4840	77.00	79.00	80.00	79.00	84.00	79.80	2026-07-23 17:10:04
254	20260723	4	\N	4	4	4783	88.00	87.00	88.00	87.00	91.00	88.20	2026-07-23 17:10:04
255	20260723	5	4	5	5	2715	91.00	91.00	92.00	91.00	92.00	91.40	2026-07-23 17:10:04
256	20260723	6	5	6	6	2613	89.00	92.00	90.00	90.00	91.00	90.40	2026-07-23 17:10:04
257	20260723	7	1	7	7	2593	79.00	90.00	81.00	87.00	88.00	85.00	2026-07-23 17:10:04
258	20260723	8	5	8	8	2593	96.00	96.00	95.00	96.00	96.00	95.80	2026-07-23 17:10:04
259	20260723	9	1	9	9	1994	90.00	89.00	89.00	89.00	91.00	89.60	2026-07-23 17:10:04
260	20260723	10	6	10	10	1972	97.00	96.00	97.00	96.00	96.00	96.40	2026-07-23 17:10:04
261	20260723	11	7	11	11	1880	75.00	82.00	76.00	76.00	86.00	79.00	2026-07-23 17:10:04
262	20260723	12	5	12	12	1874	96.00	96.00	97.00	95.00	96.00	96.00	2026-07-23 17:10:04
263	20260723	13	8	13	13	1840	91.00	84.00	90.00	83.00	90.00	87.60	2026-07-23 17:10:04
264	20260723	14	5	14	14	1729	97.00	94.00	95.00	92.00	96.00	94.80	2026-07-23 17:10:04
265	20260723	15	9	15	15	1602	83.00	76.00	84.00	78.00	85.00	81.20	2026-07-23 17:10:04
266	20260723	16	1	16	16	1548	87.00	84.00	86.00	86.00	87.00	86.00	2026-07-23 17:10:04
267	20260723	17	3	17	17	1493	86.00	88.00	88.00	83.00	88.00	86.60	2026-07-23 17:10:04
268	20260723	18	4	18	18	1493	86.00	80.00	84.00	82.00	88.00	84.00	2026-07-23 17:10:04
269	20260723	19	10	19	19	1465	96.00	97.00	98.00	99.00	94.00	96.80	2026-07-23 17:10:04
270	20260723	20	11	20	20	1405	77.00	83.00	83.00	85.00	85.00	82.60	2026-07-23 17:10:04
271	20260723	21	5	21	21	1308	99.00	99.00	99.00	99.00	98.00	98.80	2026-07-23 17:10:04
272	20260723	22	10	22	22	1277	83.00	87.00	86.00	87.00	93.00	87.20	2026-07-23 17:10:04
273	20260723	23	5	23	23	1248	85.00	92.00	89.00	87.00	95.00	89.60	2026-07-23 17:10:04
274	20260723	24	12	24	24	1203	91.00	90.00	90.00	91.00	92.00	90.80	2026-07-23 17:10:04
275	20260723	25	1	25	25	1199	97.00	98.00	97.00	95.00	98.00	97.00	2026-07-23 17:10:04
276	20260723	26	5	26	26	1035	94.00	95.00	94.00	94.00	94.00	94.20	2026-07-23 17:10:04
277	20260723	27	1	27	27	919	74.00	71.00	72.00	61.00	77.00	71.00	2026-07-23 17:10:04
278	20260723	28	13	\N	28	894	94.00	100.00	96.00	98.00	96.00	96.80	2026-07-23 17:10:04
279	20260723	29	5	\N	29	877	88.00	87.00	89.00	86.00	89.00	87.80	2026-07-23 17:10:04
280	20260723	30	\N	28	30	794	89.00	94.00	91.00	90.00	92.00	91.20	2026-07-23 17:10:04
281	20260723	31	5	29	31	738	83.00	83.00	83.00	81.00	86.00	83.20	2026-07-23 17:10:04
282	20260723	32	14	30	32	671	92.00	93.00	93.00	93.00	94.00	93.00	2026-07-23 17:10:04
283	20260723	33	15	31	33	670	96.00	96.00	96.00	96.00	96.00	96.00	2026-07-23 17:10:04
284	20260723	34	5	\N	34	648	91.00	87.00	91.00	86.00	90.00	89.00	2026-07-23 17:10:04
285	20260723	35	16	32	35	635	86.00	84.00	85.00	84.00	86.00	85.00	2026-07-23 17:10:04
286	20260723	36	17	33	36	624	80.00	91.00	87.00	89.00	83.00	86.00	2026-07-23 17:10:04
287	20260723	37	9	34	37	548	74.00	77.00	76.00	76.00	76.00	75.80	2026-07-23 17:10:04
288	20260723	38	18	35	38	545	99.00	100.00	99.00	97.00	99.00	98.80	2026-07-23 17:10:04
289	20260723	39	3	36	39	537	96.00	98.00	99.00	98.00	95.00	97.20	2026-07-23 17:10:04
290	20260723	40	1	37	40	516	90.00	89.00	90.00	89.00	91.00	89.80	2026-07-23 17:10:04
291	20260723	41	19	38	41	509	86.00	89.00	85.00	88.00	88.00	87.20	2026-07-23 17:10:04
292	20260723	42	20	39	42	501	91.00	89.00	91.00	89.00	86.00	89.20	2026-07-23 17:10:04
293	20260723	43	21	40	43	491	97.00	96.00	97.00	97.00	97.00	96.80	2026-07-23 17:10:04
294	20260723	44	22	41	44	435	96.00	96.00	96.00	96.00	96.00	96.00	2026-07-23 17:10:04
295	20260723	45	12	42	45	415	99.00	100.00	100.00	100.00	100.00	99.80	2026-07-23 17:10:04
296	20260723	46	1	43	46	394	94.00	92.00	92.00	92.00	94.00	92.80	2026-07-23 17:10:04
297	20260723	47	23	44	47	382	84.00	74.00	81.00	74.00	85.00	79.60	2026-07-23 17:10:04
298	20260723	48	\N	45	48	361	83.00	83.00	82.00	84.00	89.00	84.20	2026-07-23 17:10:04
299	20260723	49	5	46	49	346	87.00	86.00	87.00	86.00	89.00	87.00	2026-07-23 17:10:04
300	20260723	50	24	47	50	345	51.00	53.00	53.00	52.00	51.00	52.00	2026-07-23 17:10:04
\.


--
-- Name: fact_group_metrics_fact_id_seq; Type: SEQUENCE SET; Schema: public; Owner: postgres
--

SELECT pg_catalog.setval('public.fact_group_metrics_fact_id_seq', 300, true);


--
-- Name: dim_fandom dim_fandom_pkey; Type: CONSTRAINT; Schema: public; Owner: postgres
--

ALTER TABLE ONLY public.dim_fandom
    ADD CONSTRAINT dim_fandom_pkey PRIMARY KEY (id_fandom);


--
-- Name: dim_group dim_group_pkey; Type: CONSTRAINT; Schema: public; Owner: postgres
--

ALTER TABLE ONLY public.dim_group
    ADD CONSTRAINT dim_group_pkey PRIMARY KEY (id_group);


--
-- Name: dim_label dim_label_pkey; Type: CONSTRAINT; Schema: public; Owner: postgres
--

ALTER TABLE ONLY public.dim_label
    ADD CONSTRAINT dim_label_pkey PRIMARY KEY (id_label);


--
-- Name: dim_time dim_time_full_date_key; Type: CONSTRAINT; Schema: public; Owner: postgres
--

ALTER TABLE ONLY public.dim_time
    ADD CONSTRAINT dim_time_full_date_key UNIQUE (full_date);


--
-- Name: dim_time dim_time_pkey; Type: CONSTRAINT; Schema: public; Owner: postgres
--

ALTER TABLE ONLY public.dim_time
    ADD CONSTRAINT dim_time_pkey PRIMARY KEY (id_time);


--
-- Name: fact_group_metrics fact_group_metrics_id_group_id_time_key; Type: CONSTRAINT; Schema: public; Owner: postgres
--

ALTER TABLE ONLY public.fact_group_metrics
    ADD CONSTRAINT fact_group_metrics_id_group_id_time_key UNIQUE (id_group, id_time);


--
-- Name: fact_group_metrics fact_group_metrics_pkey; Type: CONSTRAINT; Schema: public; Owner: postgres
--

ALTER TABLE ONLY public.fact_group_metrics
    ADD CONSTRAINT fact_group_metrics_pkey PRIMARY KEY (fact_id);


--
-- Name: fact_group_metrics fact_group_metrics_id_fandom_fkey; Type: FK CONSTRAINT; Schema: public; Owner: postgres
--

ALTER TABLE ONLY public.fact_group_metrics
    ADD CONSTRAINT fact_group_metrics_id_fandom_fkey FOREIGN KEY (id_fandom) REFERENCES public.dim_fandom(id_fandom) ON UPDATE CASCADE ON DELETE SET NULL;


--
-- Name: fact_group_metrics fact_group_metrics_id_group_fkey; Type: FK CONSTRAINT; Schema: public; Owner: postgres
--

ALTER TABLE ONLY public.fact_group_metrics
    ADD CONSTRAINT fact_group_metrics_id_group_fkey FOREIGN KEY (id_group) REFERENCES public.dim_group(id_group) ON UPDATE CASCADE ON DELETE CASCADE;


--
-- Name: fact_group_metrics fact_group_metrics_id_label_fkey; Type: FK CONSTRAINT; Schema: public; Owner: postgres
--

ALTER TABLE ONLY public.fact_group_metrics
    ADD CONSTRAINT fact_group_metrics_id_label_fkey FOREIGN KEY (id_label) REFERENCES public.dim_label(id_label) ON UPDATE CASCADE ON DELETE SET NULL;


--
-- Name: fact_group_metrics fact_group_metrics_id_time_fkey; Type: FK CONSTRAINT; Schema: public; Owner: postgres
--

ALTER TABLE ONLY public.fact_group_metrics
    ADD CONSTRAINT fact_group_metrics_id_time_fkey FOREIGN KEY (id_time) REFERENCES public.dim_time(id_time) ON UPDATE CASCADE ON DELETE CASCADE;


--
-- PostgreSQL database dump complete
--

\unrestrict XoHO6Rw8P2XQNFklKyIxHHtAEA0BdJK6Jcana4AzQuzm1WEivgzQUr8ia3WKK1C

